[{"transcription": " The fourth book of Moses called Numbers, Chapter 1. And the Lord spake unto Moses in the wilderness of Sinai, in the tabernacle of the congregation, on the first day of the second month, in the second year after they were come out of the land of Egypt, saying,", "actual_text": "And the LORD spake unto Moses in the wilderness of Sinai, in the tabernacle of the congregation, on the first day of the second month, in the second year after they were come out of the land of Egypt, saying,"}, {"transcription": " Take ye the sum of all the congregation of the children of Israel after their families by the house of their fathers with the number of their names every male by their poles.", "actual_text": "Take ye the sum of all the congregation of the children of Israel, after their families, by the house of their fathers, with the number of their names, every male by their polls;"}, {"transcription": " From twenty years old and upward, all that are able to go forth to war in Israel, thou and Aaron shall number them by their armies.", "actual_text": "From twenty years old and upward, all that are able to go forth to war in Israel: thou and Aaron shall number them by their armies"}, {"transcription": " And with you there shall be a man of every tribe, every one head of the house of his fathers.\"", "actual_text": "And with you there shall be a man of every tribe; every one head of the house of his fathers"}, {"transcription": " And these are the names of the men that shall stand with you. Of the tribe of Reuben, Eliza, the son of Shedir.", "actual_text": "And these are the names of the men that shall stand with you: of the tribe of Reuben; Elizur the son of Shedeur"}, {"transcription": " of Simeon Shillumio the son of Z\u00fcrich Shaddai.", "actual_text": "Of Simeon; Shelumiel the son of Zurishaddai"}, {"transcription": " of Judah, Narshan the son of Aminadab.", "actual_text": "Of Judah; Nahshon the son of Amminadab"}, {"transcription": " Abhisheka, Nethanyel the son of Zyur.", "actual_text": "Of Issachar; Nethaneel the son of Zuar"}, {"transcription": " of Zabulan, Eliad the son of Helan.", "actual_text": "Of Zebulun; Eliab the son of Helon"}, {"transcription": " of the children of Joseph, of Ephraim, Elisha, the son of Ammohad, of Manasseh, Gamaliel, the son of Pedazah.", "actual_text": "Of the children of Joseph: of Ephraim; Elishama the son of Ammihud: of Manasseh; Gamaliel the son of Pedahzur"}, {"transcription": " of Benjamin, a Biden, the son of Gideonite.", "actual_text": "Of Benjamin; Abidan the son of Gideoni"}, {"transcription": " Abdan, a hyaeser, the son of Amishadai.", "actual_text": "Of Dan; Ahiezer the son of Ammishaddai"}, {"transcription": " of Asher, Pajil, the son of Akhren.", "actual_text": "Of Asher; Pagiel the son of Ocran"}, {"transcription": " of Gad, Elias, half the son of Dewey.", "actual_text": "Of Gad; Eliasaph the son of Deuel"}, {"transcription": " of Naftali, Ahaira, the son of Enan.", "actual_text": "Of Naphtali; Ahira the son of Enan"}, {"transcription": " These were the renowned of the congregation, princes of the tribes of their fathers, heads of thousands in Israel.", "actual_text": "These were the renowned of the congregation, princes of the tribes of their fathers, heads of thousands in Israel"}, {"transcription": " And Moses and Aaron took these men, which are expressed by their names,", "actual_text": "And Moses and Aaron took these men which are expressed by their names:"}, {"transcription": " And they assembled all the congregation together on the first day of the second month, and they declared their pedigrees after their families by the house of their fathers according to the number of the names from twenty years old and upward by their poles.", "actual_text": "And they assembled all the congregation together on the first day of the second month, and they declared their pedigrees after their families, by the house of their fathers, according to the number of the names, from twenty years old and upward, by their polls"}, {"transcription": " as the Lord commanded Moses, so he numbered them in the wilderness of Sinai.", "actual_text": "As the LORD commanded Moses, so he numbered them in the wilderness of Sinai"}, {"transcription": " And the children of Reuben, Israel's eldest son, by their generations after their families, by the house of their fathers, according to the number of the names by their poles, every male from twenty years old and upward, all that were able to go forth to war.", "actual_text": "And the children of Reuben, Israel's eldest son, by their generations, after their families, by the house of their fathers, according to the number of the names, by their polls, every male from twenty years old and upward, all that were able to go forth to war;"}, {"transcription": " Those that were numbered of them, even of the tribe of Ruben, were forty and six thousand and five hundred", "actual_text": "Those that were numbered of them, even of the tribe of Reuben, were forty and six thousand and five hundred"}, {"transcription": " of the children of Simeon by their generations after their families by the house of their fathers, those that were numbered of them according to the number of the names by their poles, every male from twenty years old and upward, all that were able to go forth to war.", "actual_text": "Of the children of Simeon, by their generations, after their families, by the house of their fathers, those that were numbered of them, according to the number of the names, by their polls, every male from twenty years old and upward, all that were able to go forth to war;"}, {"transcription": " those that were numbered of them, even of the tribe of Simeon, were fifty and nine thousand and three hundred.", "actual_text": "Those that were numbered of them, even of the tribe of Simeon, were fifty and nine thousand and three hundred"}, {"transcription": " of the children of Gad by their generations after their families by the house of their fathers according to the number of the names from twenty years old and upward all that were able to go forth to war", "actual_text": "Of the children of Gad, by their generations, after their families, by the house of their fathers, according to the number of the names, from twenty years old and upward, all that were able to go forth to war;"}, {"transcription": " that were numbered of them, even of the tribe of Gad, were 40 and 5,650.", "actual_text": "Those that were numbered of them, even of the tribe of Gad, were forty and five thousand six hundred and fifty"}, {"transcription": " The children of Judah by their generations after their families by the house of their fathers, according to the number of the names from twenty years old and upward, all that were able to go forth to war.", "actual_text": "Of the children of Judah, by their generations, after their families, by the house of their fathers, according to the number of the names, from twenty years old and upward, all that were able to go forth to war;"}, {"transcription": " Those that were numbered of them, even of the tribe of Judah, were three score and fourteen thousand and six hundred.", "actual_text": "Those that were numbered of them, even of the tribe of Judah, were threescore and fourteen thousand and six hundred"}, {"transcription": " The children of Issaqar by their generations after their families by the house of their fathers, according to the number of the names from twenty years old and upward, all that were able to go forth to war,", "actual_text": "Of the children of Issachar, by their generations, after their families, by the house of their fathers, according to the number of the names, from twenty years old and upward, all that were able to go forth to war;"}, {"transcription": " Those that were numbered of them, even of the tribe of Issachar, were fifty and four thousand and four hundred.", "actual_text": "Those that were numbered of them, even of the tribe of Issachar, were fifty and four thousand and four hundred"}, {"transcription": " The children of Zebulun by their generations after their families by the house of their fathers according to the number of the names from twenty years old and upward all that were able to go forth to war", "actual_text": "Of the children of Zebulun, by their generations, after their families, by the house of their fathers, according to the number of the names, from twenty years old and upward, all that were able to go forth to war;"}, {"transcription": " Those that were numbered of them, even of the tribe of Zebulun, were fifty and seven thousand and four hundred.", "actual_text": "Those that were numbered of them, even of the tribe of Zebulun, were fifty and seven thousand and four hundred"}, {"transcription": " of the children of Joseph, namely of the children of Ephraim by their generations after their families by the house of their fathers according to the number of the names from twenty years old and upward all that were able to go forth to war", "actual_text": "Of the children of Joseph, namely, of the children of Ephraim, by their generations, after their families, by the house of their fathers, according to the number of the names, from twenty years old and upward, all that were able to go forth to war;"}, {"transcription": " those that were numbered of them, even of the tribe of Ephraim, were forty thousand and five hundred", "actual_text": "Those that were numbered of them, even of the tribe of Ephraim, were forty thousand and five hundred"}, {"transcription": " of the children of Manasseh by their generations after their families by the house of their fathers according to the number of the names from twenty years old and upward all that were able to go forth to war", "actual_text": "Of the children of Manasseh, by their generations, after their families, by the house of their fathers, according to the number of the names, from twenty years old and upward, all that were able to go forth to war;"}, {"transcription": " Those that were numbered of them, even of the tribe of Manasseh, were 30 and 2,200.", "actual_text": "Those that were numbered of them, even of the tribe of Manasseh, were thirty and two thousand and two hundred"}, {"transcription": " of the children of Benjamin by their generations after their families by the house of their fathers according to the number of the names from twenty years old and upward all that were able to go forth to war", "actual_text": "Of the children of Benjamin, by their generations, after their families, by the house of their fathers, according to the number of the names, from twenty years old and upward, all that were able to go forth to war;"}, {"transcription": " that were numbered of them, even of the tribe of Benjamin, were 30 and 5,400.", "actual_text": "Those that were numbered of them, even of the tribe of Benjamin, were thirty and five thousand and four hundred"}, {"transcription": " The children of Dan by their generations after their families by the house of their fathers according to the number of the names from twenty years old and upward all that were able to go forth to war.", "actual_text": "Of the children of Dan, by their generations, after their families, by the house of their fathers, according to the number of the names, from twenty years old and upward, all that were able to go forth to war;"}, {"transcription": " that were numbered of them, even of the tribe of Dan, were three score and two thousand and seven hundred.", "actual_text": "Those that were numbered of them, even of the tribe of Dan, were threescore and two thousand and seven hundred"}, {"transcription": " of the children of Asher by their generations after their families by the house of their fathers according to the number of the names from twenty years old and upward all that were able to go forth to war", "actual_text": "Of the children of Asher, by their generations, after their families, by the house of their fathers, according to the number of the names, from twenty years old and upward, all that were able to go forth to war;"}, {"transcription": " Those that were numbered of them, even of the tribe of Asher, were forty and one thousand and five hundred.", "actual_text": "Those that were numbered of them, even of the tribe of Asher, were forty and one thousand and five hundred"}, {"transcription": " The children of Naphtha lie throughout their generations after their families by the house of their fathers, according to the number of the names from twenty years old and upward, all that were able to go forth to war.", "actual_text": "Of the children of Naphtali, throughout their generations, after their families, by the house of their fathers, according to the number of the names, from twenty years old and upward, all that were able to go forth to war;"}, {"transcription": " Those that were numbered of them, even of the tribe of Naphtali, were fifty and three thousand and four hundred.", "actual_text": "Those that were numbered of them, even of the tribe of Naphtali, were fifty and three thousand and four hundred"}, {"transcription": " These are those that were numbered, which Moses and Aaron numbered and the princes of Israel being twelve men. Each one was for the house of his fathers.", "actual_text": "These are those that were numbered, which Moses and Aaron numbered, and the princes of Israel, being twelve men: each one was for the house of his fathers"}, {"transcription": " So were all those that were numbered of the children of Israel by the house of their fathers from twenty years old and upward, all that were able to go forth to war in Israel.", "actual_text": "So were all those that were numbered of the children of Israel, by the house of their fathers, from twenty years old and upward, all that were able to go forth to war in Israel;"}, {"transcription": " all they that were numbered were 600,000 and 3,550.", "actual_text": "Even all they that were numbered were six hundred thousand and three thousand and five hundred and fifty"}, {"transcription": " The Levites, after the tribe of their fathers, were not numbered among them.", "actual_text": "But the Levites after the tribe of their fathers were not numbered among them"}, {"transcription": " for the Lord had spoken unto Moses, saying,", "actual_text": "For the LORD had spoken unto Moses, saying,"}, {"transcription": " Only thou shalt not number the tribe of Levi, neither take the sum of them among the children of Israel.", "actual_text": "Only thou shalt not number the tribe of Levi, neither take the sum of them among the children of Israel:"}, {"transcription": " but thou shalt appoint the Levites over the tabernacle of testimony, and over all the vessels thereof, and over all things that belong to it. They shall bear the tabernacle and all the vessels thereof, and they shall minister unto it, and shall encamp round about the tabernacle.", "actual_text": "But thou shalt appoint the Levites over the tabernacle of testimony, and over all the vessels thereof, and over all things that belong to it: they shall bear the tabernacle, and all the vessels thereof; and they shall minister unto it, and shall encamp round about the tabernacle"}, {"transcription": " And when the tabernacle seteth forward, the Levites shall take it down. And when the tabernacle is to be pitched, the Levites shall set it up. And the stranger that cometh nigh shall be put to death.", "actual_text": "And when the tabernacle setteth forward, the Levites shall take it down: and when the tabernacle is to be pitched, the Levites shall set it up: and the stranger that cometh nigh shall be put to death"}, {"transcription": " And the children of Israel shall pitch their tents every man by his own camp, and every man by his own standard throughout their hosts.", "actual_text": "And the children of Israel shall pitch their tents, every man by his own camp, and every man by his own standard, throughout their hosts"}, {"transcription": " But the Levites shall pitch round about the tabernacle of testimony, that there be no wrath upon the congregation of the children of Israel, and the Levites shall keep the charge of the tabernacle of testimony.", "actual_text": "But the Levites shall pitch round about the tabernacle of testimony, that there be no wrath upon the congregation of the children of Israel: and the Levites shall keep the charge of the tabernacle of testimony"}, {"transcription": " And the children of Israel did according to all that the Lord commanded Moses. So did they.", "actual_text": "And the children of Israel did according to all that the LORD commanded Moses, so did they"}, {"transcription": " And the Lord spake unto Moses and unto Aaron, saying,", "actual_text": "And the LORD spake unto Moses and unto Aaron, saying,"}, {"transcription": " Every man of the children of Israel shall pitch by his own standard with the end sign of their father's house. Far off about the tabernacle of the congregation shall they pitch.", "actual_text": "Every man of the children of Israel shall pitch by his own standard, with the ensign of their father's house: far off about the tabernacle of the congregation shall they pitch"}, {"transcription": " And on the east side toward the rising of the sun shall they of the standard of the camp of Judah pitch throughout their armies. And Nasham the son of Aminadab shall be captain of the children of Judah.", "actual_text": "And on the east side toward the rising of the sun shall they of the standard of the camp of Judah pitch throughout their armies: and Nahshon the son of Amminadab shall be captain of the children of Judah"}, {"transcription": " and his host and those that were numbered of them were three score and fourteen thousand and six hundred.", "actual_text": "And his host, and those that were numbered of them, were threescore and fourteen thousand and six hundred"}, {"transcription": " Those that do pitch next unto him shall be the tribe of Issachar, and Nethanel, the son of Zior, shall be captain of the children of Issachar.", "actual_text": "And those that do pitch next unto him shall be the tribe of Issachar: and Nethaneel the son of Zuar shall be captain of the children of Issachar"}, {"transcription": " his host and those that were numbered thereof were fifty and four thousand and four hundred.", "actual_text": "And his host, and those that were numbered thereof, were fifty and four thousand and four hundred"}, {"transcription": " Then the tribe of Zebulun, and Eliad the son of Helan shall be captain of the children of Zebulun.", "actual_text": "Then the tribe of Zebulun: and Eliab the son of Helon shall be captain of the children of Zebulun"}, {"transcription": " his host and those that were numbered thereof were fifty and seven thousand and four hundred.", "actual_text": "And his host, and those that were numbered thereof, were fifty and seven thousand and four hundred"}, {"transcription": " All that were numbered in the camp of Judah were an hundred thousand and four score thousand and six thousand and four hundred throughout their armies. These shall first set forth.", "actual_text": "All that were numbered in the camp of Judah were an hundred thousand and fourscore thousand and six thousand and four hundred, throughout their armies These shall first set forth"}, {"transcription": " On the south side shall be the standard of the camp of Ruben according to their armies, and the captain of the children of Ruben shall be Eliza the son of Shedir.", "actual_text": "On the south side shall be the standard of the camp of Reuben according to their armies: and the captain of the children of Reuben shall be Elizur the son of Shedeur"}, {"transcription": " And his host and those that were numbered thereof were forty and six thousand and five hundred.", "actual_text": "And his host, and those that were numbered thereof, were forty and six thousand and five hundred"}, {"transcription": " Those which pitch by him shall be the tribe of Simeon, and the captain of the children of Simeon shall be Shalumeo, the son of Z\u00fcrichadai.", "actual_text": "And those which pitch by him shall be the tribe of Simeon: and the captain of the children of Simeon shall be Shelumiel the son of Zurishaddai"}, {"transcription": " his host and those that were numbered of them were fifty and nine thousand and three hundred.", "actual_text": "And his host, and those that were numbered of them, were fifty and nine thousand and three hundred"}, {"transcription": " the tribe of Gad, and the captain of the sons of Gad shall be Elias, half the son of Rul.", "actual_text": "Then the tribe of Gad: and the captain of the sons of Gad shall be Eliasaph the son of Reuel"}, {"transcription": " His host and those that were numbered of them were forty and five thousand and six hundred and fifty.", "actual_text": "And his host, and those that were numbered of them, were forty and five thousand and six hundred and fifty"}, {"transcription": " All that were numbered in the camp of Reuben were an hundred thousand and fifty and one thousand and four hundred and fifty throughout their armies, and they shall set forth in the second rank.", "actual_text": "All that were numbered in the camp of Reuben were an hundred thousand and fifty and one thousand and four hundred and fifty, throughout their armies And they shall set forth in the second rank"}, {"transcription": " Then the tavernacle of the congregation shall set forward with the camp of the Levites in the midst of the camp. As they encamp, so shall they set forward every man and his place by their standards.", "actual_text": "Then the tabernacle of the congregation shall set forward with the camp of the Levites in the midst of the camp: as they encamp, so shall they set forward, every man in his place by their standards"}, {"transcription": " On the west side shall be the standard of the camp of Ephraim according to their armies, and the captain of the sons of Ephraim shall be Elisha, the son of Amihad.", "actual_text": "On the west side shall be the standard of the camp of Ephraim according to their armies: and the captain of the sons of Ephraim shall be Elishama the son of Ammihud"}, {"transcription": " His host and those that were numbered up them were 40,500.", "actual_text": "And his host, and those that were numbered of them, were forty thousand and five hundred"}, {"transcription": " And by him shall be the tribe of Manasseh, and the captain of the children of Manasseh shall be Gamaliel, the son of Pedazer.\"", "actual_text": "And by him shall be the tribe of Manasseh: and the captain of the children of Manasseh shall be Gamaliel the son of Pedahzur"}, {"transcription": " and his host and those that were numbered of them were thirty and two thousand and two hundred.", "actual_text": "And his host, and those that were numbered of them, were thirty and two thousand and two hundred"}, {"transcription": " Then the tribe of Benjamin, and the captain of the sons of Benjamin shall be Abidam, the son of Gideonai.", "actual_text": "Then the tribe of Benjamin: and the captain of the sons of Benjamin shall be Abidan the son of Gideoni"}, {"transcription": " and his host and those that were numbered of them were thirty and five thousand and four hundred.", "actual_text": "And his host, and those that were numbered of them, were thirty and five thousand and four hundred"}, {"transcription": " All that were numbered of the camp of Ephraim were in hundred thousand and eight thousand and one hundred throughout their armies, and they shall go forward in the third rank.", "actual_text": "All that were numbered of the camp of Ephraim were an hundred thousand and eight thousand and an hundred, throughout their armies And they shall go forward in the third rank"}, {"transcription": " The standard of the camp of Dan shall be on the north side by their armies, and the captain of the children of Dan shall be Ahaiysar, the son of Amishadai.", "actual_text": "The standard of the camp of Dan shall be on the north side by their armies: and the captain of the children of Dan shall be Ahiezer the son of Ammishaddai"}, {"transcription": " and his host and those that were numbered of them were three score in two thousand and seven hundred.", "actual_text": "And his host, and those that were numbered of them, were threescore and two thousand and seven hundred"}, {"transcription": " And those that encamp by him shall be the tribe of Asher, and the captain of the children of Asher shall be Pagiel, the son of Akhran.", "actual_text": "And those that encamp by him shall be the tribe of Asher: and the captain of the children of Asher shall be Pagiel the son of Ocran"}, {"transcription": " and his host and those that were numbered of them were forty-and-one thousand and five hundred.", "actual_text": "And his host, and those that were numbered of them, were forty and one thousand and five hundred"}, {"transcription": " Then the tribe of Naphtali, and the captain of the children of Naphtali shall be Ahaira, the son of Enan.", "actual_text": "Then the tribe of Naphtali: and the captain of the children of Naphtali shall be Ahira the son of Enan"}, {"transcription": " and his host and those that were numbered of them were fifty and three thousand and four hundred.", "actual_text": "And his host, and those that were numbered of them, were fifty and three thousand and four hundred"}, {"transcription": " All they that were numbered in the camp of Dan were in 100,000, and 50, and 7,600. They shall go hind most with their standards.", "actual_text": "All they that were numbered in the camp of Dan were an hundred thousand and fifty and seven thousand and six hundred They shall go hindmost with their standards"}, {"transcription": " These are those which were numbered of the children of Israel by the house of their fathers. All those that were numbered of the camps throughout their hosts were 600,000 and 3,550.", "actual_text": "These are those which were numbered of the children of Israel by the house of their fathers: all those that were numbered of the camps throughout their hosts were six hundred thousand and three thousand and five hundred and fifty"}, {"transcription": " But the Levites were not numbered among the children of Israel as the Lord commanded Moses.", "actual_text": "But the Levites were not numbered among the children of Israel; as the LORD commanded Moses"}, {"transcription": " And the children of Israel did according to all that the Lord commanded Moses. So they pitched by their standards, and so they set forward, everyone after their families, according to the house of their fathers.", "actual_text": "And the children of Israel did according to all that the LORD commanded Moses: so they pitched by their standards, and so they set forward, every one after their families, according to the house of their fathers"}, {"transcription": " These also are the generations of Aaron and Moses in the day that the Lord spake with Moses in Mount Sinai.", "actual_text": "These also are the generations of Aaron and Moses in the day that the LORD spake with Moses in mount Sinai"}, {"transcription": " And these are the names of the sons of Aaron, Nadab the firstborn, and Abaihue, Eleazar, and Ithamar.", "actual_text": "And these are the names of the sons of Aaron; Nadab the firstborn, and Abihu, Eleazar, and Ithamar"}, {"transcription": " These are the names of the sons of Aaron, the priests which were anointed whom he consecrated to minister in the priest's office.", "actual_text": "These are the names of the sons of Aaron, the priests which were anointed, whom he consecrated to minister in the priest's office"}, {"transcription": " And Nadab and Abaychew died before the Lord when they offered strange fire before the Lord in the wilderness of Sinai, and they had no children. And Eliezer and Itham are ministered in the priest's office in the sight of Aaron their father.", "actual_text": "And Nadab and Abihu died before the LORD, when they offered strange fire before the LORD, in the wilderness of Sinai, and they had no children: and Eleazar and Ithamar ministered in the priest's office in the sight of Aaron their father"}, {"transcription": " And the Lord spoke unto Moses, saying,", "actual_text": "And the LORD spake unto Moses, saying,"}, {"transcription": " Bring the tribe of Levi near and present them before Aaron the priest that they may minister unto him.", "actual_text": "Bring the tribe of Levi near, and present them before Aaron the priest, that they may minister unto him"}, {"transcription": " and they shall keep his charge and the charge of the whole congregation before the tabernacle of the congregation to do the service of the tabernacle.", "actual_text": "And they shall keep his charge, and the charge of the whole congregation before the tabernacle of the congregation, to do the service of the tabernacle"}, {"transcription": " They shall keep all the instruments of the tabernacle of the congregation and the charge of the children of Israel to do the service of the tabernacle.", "actual_text": "And they shall keep all the instruments of the tabernacle of the congregation, and the charge of the children of Israel, to do the service of the tabernacle"}, {"transcription": " and thou shalt give the Levites unto Aaron and to his sons. They are wholly given unto him out of the children of Israel.\"", "actual_text": "And thou shalt give the Levites unto Aaron and to his sons: they are wholly given unto him out of the children of Israel"}, {"transcription": " And thou shalt appoint Aaron and his sons, and they shall wait on their priest's office, and the stranger that cometh nigh shall be put to death.", "actual_text": "And thou shalt appoint Aaron and his sons, and they shall wait on their priest's office: and the stranger that cometh nigh shall be put to death"}, {"transcription": " And the Lord spoke unto Moses, saying,", "actual_text": "And the LORD spake unto Moses, saying,"}, {"transcription": " I behold, I have taken the Levites from among the children of Israel instead of all the firstborn that openeth the matrix among the children of Israel. Therefore the Levites shall be mine.", "actual_text": "And I, behold, I have taken the Levites from among the children of Israel instead of all the firstborn that openeth the matrix among the children of Israel: therefore the Levites shall be mine;"}]